member_casual,1_percentile,99_percentile
casual,0.22425,132.48846783333315
member,0.3020463333333333,51.176051666666645
